id,category,title,authority,url,status,reviewed,claim,scope,license,automated_refresh
competition,Competition,"GEMS problem, target, metric and GeoTIFF requirements",DrivenData / prize organizers,https://www.drivendata.org/competitions/306/competition-doe-gems/page/967/,primary_source_checked_initial_review,2026-10-02,"Target is geological faults. Expert-labelled new faults form the initial test set; the final set is expanded through expert review. DTI uses alpha 0.2, beta 0.8, triangular 300 m support. Single float32 band, EPSG:32611, 100 m, template bounds, [0,1], null/NaN outside.",Both chunks read; no later automated reads after Terms discovered. No hidden labels or band-order certification.,,False
rules,Competition,"GEMS Official Rules, September 2026, report 96647",DOE / National Laboratory of the Rockies,https://docs.nlr.gov/docs/fy26osti/96647.pdf,primary_source_checked_full_document,2026-10-02,Three submissions per week; one final entry for both prize rounds; eligibility verification; complete reproducibility assets for finalists; generative-AI-use disclosure required in the narrative. Appendix A deadline is 5 p.m. ET on the deadline date.,All seven returned chunks read through the end of §A.17. Key date itself deferred to the competition website. This is not legal advice or an eligibility certification.,,False
terms,Competition,DrivenData Terms of Use — Prohibited Uses,DrivenData,https://www.drivendata.org/termsofuse/,primary_source_checked,2026-10-02,"Prohibits robot/spider/automatic device or process access for any purpose, including monitoring or copying.","First two chunks read, including the specific prohibition. Initial requested agent source review preceded discovering this term; not a human-read snapshot. No recurring scraper or automated upload implemented.",,False
leaderboard,Competition,Public leaderboard snapshot,DrivenData,https://www.drivendata.org/competitions/306/competition-doe-gems/leaderboard/,initial_tool_snapshot_not_live_feed,2026-10-02,"Initial tool retrieval showed DARD 0.3195, nchuzhoy 0.3128, alexoktaba 0.3042, and account wbg1 at 0.2477.","Snapshot, not permanent/live ranking. Rows do not identify submission filenames. H25/file-to-score mapping is owner-reported, not receipt-verified. No later automatic access.",,False
reference_code,Methods,Organizer reference solution,drivendataorg / author John Lipor,https://github.com/drivendataorg/gems-prize-reference-solution,primary_repository_overview_checked,2026-10-02,Official reference repository provides a simple baseline and CPU/GPU environments; requires competition data placement.,"Repository overview read, not independently reproduced here. Our implementation is separate.",,False
mae,Methods,"Masked Autoencoders Are Scalable Vision Learners — He et al., CVPR 2022",Computer Vision Foundation / paper authors,https://openaccess.thecvf.com/content/CVPR2022/html/He_Masked_Autoencoders_Are_Scalable_Vision_Learners_CVPR_2022_paper.html,primary_publication_abstract_checked,2026-10-02,Random input patches are masked and reconstructed; example masking 75%; original design uses an asymmetric visible-patch encoder and lightweight decoder.,"This objective motivates our small convolutional masked autoencoder. Our architecture is not a ViT MAE replication, and the paper does not validate faults in Nevada.",,False
prithvi,Methods,"Foundation Models for Generalist Geospatial Artificial Intelligence — Jakubik et al., 2023",Paper authors / arXiv,https://arxiv.org/abs/2310.18660,primary_publication_abstract_checked,2026-10-02,"Prithvi pretrained on >1 TB HLS multispectral satellite imagery and fine-tuned on flood, burn-scar and other Earth-observation tasks; reduced-label experiments support data efficiency.",Not evidence that geophysical reconstruction errors identify faults. HLS spectral weights are not directly compatible with the 19 heterogeneous feature channels. No NASA weights used here.,,False
nasa_prithvi,Methods,IBM Research and NASA IMPACT release Prithvi,NASA Earthdata,https://www.earthdata.nasa.gov/news/blog/ibm-research-nasa-impact-release-open-source-geospatial-foundation-model-hugging-face,primary_source_checked,2026-10-02,"NASA describes self-supervised foundation-model training, HLS imagery, the August 3, 2023 release, temporal ViT, flood mapping and burn-scar applications.","Official NASA confirmation of precedent only. A guessed shorter NASA URL returned 404 and was replaced, not used as evidence.",,False
geodawn,Data,GeoDAWN airborne magnetic and radiometric surveys,"USGS / Glen & Earney, DOI 10.5066/P93LGLVQ",https://www.sciencebase.gov/catalog/item/657e1d85d34e23d3533209f7,primary_source_json_body_checked,2026-10-02,"Surveys span 51,857 km², 149,030 line-km, four acquisition blocks; east–west flight-line spacings 200 m (Area 1) and 400 m (Area 2); variable clearance and magnetic processing corrections matter.","LastUpdated in reviewed API = 2025-02-28T23:02:25Z. Acquisition-block boundaries used by us are owner-derived from official figures, not official-coordinate polygons.",USGS data release; retain original metadata and attribution,True
ingenious,Data,"INGENIOUS regional compilation, GDR 1391",GDR / Ayling et al.; DOI 10.15121/1881483,https://gdr.openei.org/submissions/1391,primary_catalog_description_resources_checked,2026-10-02,"Publicly accessible CC BY 4.0 regional datasets: faults, geodetics, gravity/magnetics, conductance, heat flow, thermal probes, wells/springs, volcanic and paleo-geothermal features.","Official catalog availability/license verified, not every underlying binary downloaded this run. Contributors explicitly disclaim fitness/errors.",CC BY 4.0 — attribution required,False
thermal_conductivity,Data,"INGENIOUS thermal-conductivity source categorization, GDR 1390",GDR / Batir & Gentry; DOI 10.15121/1874222,https://gdr.openei.org/submissions/1390,primary_catalog_checked,2026-10-02,"TC in this resource means thermal conductivity; data categories distinguish known measured, assumed measured and unmeasured/estimated values. Publicly accessible CC BY 4.0.","Does NOT identify the meaning of the ambiguous tc BAND in our owner bridge. Do not equate its name with tilt angle, radiometric counts or this table without original band metadata.",CC BY 4.0,False
3dep,Data,USGS 3DEP one-meter bare-earth DEM availability,USGS National Map API,"https://tnmaccess.nationalmap.gov/api/v1/products?bbox=-119.5,39.5,-119.4,39.6&datasets=Digital%20Elevation%20Model%20%28DEM%29%201%20meter&max=2",primary_api_metadata_checked_binary_access_blocked_here,2026-10-02,"Query returned seven matching tiles and two actual GeoTIFF URLs. Metadata states bare-earth lidar surface, NAD83 UTM meters, NAVD88 elevations, and public-domain 3DEP products; project seams may exist.","Only a small bbox checked. Direct binary HEAD and direct API requests failed TLS in this sandbox. Full-region raw-byte availability and coverage are NOT verified; H26-DRAIN is deferred, not executable here.",Public domain (explicit metadata statement),True
earney,Geology,"Blind geothermal system, Southern Gabbs Valley — Earney et al., GRC 2018","USGS / NBMG authors, DOE OSTI repository",https://www.osti.gov/servlets/purl/1724114,primary_paper_abstract_and_methods_checked,2026-10-02,"Gravity, magnetics and MT constrain concealed basin structures; faults bound an intra-basin gravity high; conductive cap and magnetic low coincide with a thermal anomaly, with hydrothermal alteration an interpretation rather than a unique diagnosis.","Specific case study, not a validated classifier for the competition; lithologic boundaries also generate potential-field edges.",,False
siler,Geology,Three-Dimensional Geothermal Fairway Mapping — Siler & Faulds,"NBMG authors, DOE OSTI repository",https://www.osti.gov/servlets/purl/1110515,primary_paper_abstract_and_methods_checked,2026-10-02,"Heat and permeability must be collocated; fault intersections/tips, stress-favourable geometry and suitable lithology together determine fluid-flow fairways.","Fault prediction alone is not proof of a geothermal vent, resource or production well; this study uses independent 3D geological, well and seismic constraints not available to our model.",,False
hermant,Geology,"Using Deep Learning to Map Quaternary Faults in Western USA — Hermant et al., SGW 2025",Authors / Stanford Geothermal Workshop archive,https://pangea.stanford.edu/ERE/db/GeoConf/papers/SGW/2025/Hermant.pdf,primary_paper_abstract_introduction_checked,2026-10-02,Fault scarps can create local topographic changes; catalogue homogeneity/accuracy vary; a mapped North Central Nevada example has local catalogue offsets up to 400 m. Faults can be fluid conduits or barriers.,"The 400 m observation is not a measurement of this competition’s hidden truth or every catalogue trace. Institutional conference publication, not a government dataset.",,False
roads,Audit data,Census TIGER/Line roads (derived distance mirror),US Census Bureau; mirror processing in GEMSDOE24,https://www.census.gov/geographies/mapping-files/time-series/geo/tiger-line-file.html,primary_catalog_page_checked_derived_mirror_hash_checked,2026-10-02,Official Census catalog provides annual TIGER/Line geographic shapefiles; the 2024 derived road-distance raster is pinned to the owner source-processing receipt.,"This run restores/hash-checks the derived raster; it does not redownload county vector bytes or rederive road classes. Audit-only, never an encoder or fault-head input.",,False
claims,Audit data,BLM closed mining claims (derived distance mirror),Bureau of Land Management; mirror processing in GEMSDOE24,https://gis.blm.gov/nlsdb/rest/services/Mining_Claims/MiningClaims/MapServer/2,primary_service_metadata_checked_derived_mirror_hash_checked,2026-10-02,"Official service layer 2 is Closed Mining Claims, polygon geometry, NAD83 EPSG:4269; QLTY and disposition fields exist. The derived distance raster is pinned to an inherited source-processing receipt.","PLSS legal-land approximations, not exact workings/stakes. Not newly downloaded vectors in this run. Audit-only, no causal inference; no encoder/fault-head input.",,False
h25,Historical evidence,GEMSDOE24 exact H25-1 D1.5 file and code,"Project owner, not an official scientific source",https://buffedlizard55-lab.github.io/GEMSDOE24/,exact_file_and_pixel_operator_reproduced_score_owner_reported,2026-10-02,H25-1 is an exactly reproduced subset of H19-5: 121131→60069 pixels; 1.5px deterministic dot thinning. The owner reports 0.2477 versus parent 0.1922.,A platform receipt tying score to file is absent; H25’s old all-catalogue exclusion is leaky as a clean OOF baseline. Site still calls file unscored. See local forensics and holdout receipts.,,False
datacite,Data,DOE-deposited INGENIOUS DOI metadata / public DataCite REST API,DOE publisher registration / DataCite,https://api.datacite.org/dois/10.15121/1881483,primary_registry_record_and_API_documentation_checked,2026-10-02,"Registry identifies DOI 10.15121/1881483, INGENIOUS compilation, DOE Geothermal Data Repository publisher and metadata update 2025-03-07T03:05:37Z. DataCite documents public single-DOI GET retrieval.",Full returned registry response read; API request documentation first chunk checked. Registry updates are not GDR-file-change or binary-availability checks. API docs: https://support.datacite.org/docs/api-get-doi,,True
nlr_rename,Competition,DOE renames National Renewable Energy Laboratory to National Laboratory of the Rockies,"Ethanol Producer Magazine (industry press), reporting a DOE action",https://ethanolproducer.com/articles/doe-renames-national-renewable-energy-laboratory-as-national-laboratory-of-the-rockies,secondary_press_source_checked,2026-10-02,DOE renamed NREL to the National Laboratory of the Rockies (NLR) effective 2025-12-01. This resolves why GEMS Prize materials co-sponsored by 'NLR' were not a previously-unknown organization.,"Single trade-press article read; not a direct energy.gov press release fetch (blocked by sandbox egress, see egress_check).",,False
nlr_rules_citation,Competition,NLR research-hub citation of the GEMS Prize Official Rules,National Laboratory of the Rockies (research-hub.nlr.gov),https://research-hub.nlr.gov/en/publications/geologic-enhanced-mapping-system-gems-prize-official-rules/,primary_institutional_citation_checked,2026-10-02,"NLR's own publication record cites 'Geologic Enhanced Mapping System (GEMS) Prize: Official Rules', DOI 10.2172/3818146, 19 pages — consistent with the locally mirrored GEMS_96647.pdf (same page count/title pattern). Best available independent corroboration that the Dropbox-mirrored rules PDF is authentic; it is not a byte-for-byte fetch of the DOI-resolved PDF itself (osti.gov is unreachable from this sandbox).",Citation metadata page read only; DOI target not fetched due to sandbox egress block.,,False
anss_catalog,Data,USGS ANSS Comprehensive Earthquake Catalog (ComCat) FDSN event API,U.S. Geological Survey,https://earthquake.usgs.gov/fdsnws/event/1/,named_free_official_source_not_obtainable_this_sandbox,2026-10-02,"Free, official, public USGS seismicity catalog API; would supply raw hypocenters for an H27-SEISMIC-LINEAMENT orientation-coherence hypothesis. Confirmed named and specific per the user's requirement, but direct HTTPS access from this sandbox fails (SSL_ERROR_SYSCALL) — see evidence/egress_check.json. Deferred, not implemented against synthetic data.","Endpoint identified and documented; not fetched. No data obtained, no hypothesis validated.",,False
earth_search_stac,Data,Earth Search STAC API over Sentinel-2 L2A on AWS Open Data,Element 84 / AWS Open Data Program (Sentinel-2 imagery is ESA/Copernicus origin),https://earth-search.aws.element84.com/v1,named_free_official_source_not_obtainable_this_sandbox,2026-10-02,"Free, public, no-login SpatioTemporal Asset Catalog over Sentinel-2 surface reflectance; would supply SWIR bands for an H27-ALTERATION hydrothermal-alteration-index hypothesis. Confirmed named and specific, but this sandbox cannot reach generic HTTPS hosts including S3-backed endpoints — see evidence/egress_check.json. Deferred, not implemented against synthetic data.","Endpoint identified and documented; not fetched. No imagery obtained, no hypothesis validated.",,False
usgs_radiometric_alteration,Geology,"Airborne radiometric data map alteration of porphyry copper systems in the Elkhorn district, MT","USGS publication record / Anderson et al., 2025",https://pubs.usgs.gov/publication/70271704,official_publication_abstract_checked,2026-10-02,"The USGS-hosted 2025 conference paper reports surficial K, Th and U maps, radioelement ratios and potassium-enhancement mapping that highlighted known and additional hydrothermal alteration in the Elkhorn district, Montana.","Geographic and deposit-type analogue only. It is not a Nevada fault detector, does not establish that GeoDAWN archive channels have those exact names/units, and does not validate the competition task.",,False
