repo,site_url,file,score,score_status
GEMSDOE,https://buffedlizard55-lab.github.io/GEMSDOE/docs/index.html,gems-submission-20260925T001403Z-7f00890a,0.1563,owner_reported_not_receipt_verified
6GEMSDOE,https://buffedlizard55-lab.github.io/6GEMSDOE/,gems6_hgb88-topk03_33cec71ff0,0.0286,owner_reported_not_receipt_verified
GEMSDOE3,https://buffedlizard55-lab.github.io/GEMSDOE3/docs/index.html,pindrop-v4-nodes-20260925T152420Z-f347b70daa,0.1193,owner_reported_not_receipt_verified
GEMSDOE3,https://buffedlizard55-lab.github.io/GEMSDOE3/docs/index.html,pindrop-v4-discovery-20260925T152423Z-37f9d5b855,0.083,owner_reported_not_receipt_verified
GEMSDOE3,https://buffedlizard55-lab.github.io/GEMSDOE3/docs/index.html,pindrop-v4-ridge-20260925T152422Z-4e03fc9705,0.1152,owner_reported_not_receipt_verified
GEMSDOE2,https://buffedlizard55-lab.github.io/GEMSDOE2/docs/index.html,gemsdoe2-dual-family-union-20260925T160406Z-f68e590f,0.156,owner_reported_not_receipt_verified
GEMSDOE4,https://buffedlizard55-lab.github.io/GEMSDOE4/,gems-submission-20260926T163915Z-237f0063,0.0343,owner_reported_not_receipt_verified
5GEMSDOE,https://buffedlizard55-lab.github.io/5GEMSDOE/docs/index.html,gems-submission-20260926T175114Z-7f00890a,0.1563,owner_reported_not_receipt_verified
7GEMSDOE,https://buffedlizard55-lab.github.io/7GEMSDOE/,lidarscarp-ridge-top2pct-36c3a3f341c8,0.1461,owner_reported_not_receipt_verified
8GEMSDOE,https://buffedlizard55-lab.github.io/8GEMSDOE/,Hedge-v2_submission,0.1563,owner_reported_not_receipt_verified
GEMSDOE9,https://buffedlizard55-lab.github.io/GEMSDOE9/docs/index.html,2314b599,0.0107,owner_reported_not_receipt_verified
11GEMSDOE,https://buffedlizard55-lab.github.io/11GEMSDOE/docs/index.html,gems-structural-area06-v1,0.0202,owner_reported_not_receipt_verified
12GEMSDOE,https://buffedlizard55-lab.github.io/12GEMSDOE/docs/index.html,r7-nms3-dem10-scarp_0c9199f14e62,0.1294,owner_reported_not_receipt_verified
12GEMSDOE,https://buffedlizard55-lab.github.io/12GEMSDOE/docs/index.html,r7-nms3-dem10-scarp_0c9199f14e62_allfinite,0.1294,owner_reported_not_receipt_verified
15GEMSDOE,https://buffedlizard55-lab.github.io/15GEMSDOE/docs/index.html,gems-tso1-20260929T005627Z-conj_alteration_mag,0.0782,owner_reported_not_receipt_verified
14GEMSDOE,https://buffedlizard55-lab.github.io/14GEMSDOE/docs/index.html,GEMS_r5-geom-horse-ensemble_20260929T154852Z_ccbe1de0_site_e96e942f,0.002,owner_reported_not_receipt_verified
17GEMSDOE,https://buffedlizard55-lab.github.io/17GEMSDOE/,17GEMSDOE_F-ensemble-2pct_20260930T050626Z,0.0187,owner_reported_not_receipt_verified
18GEMSDOE,https://buffedlizard55-lab.github.io/18GEMSDOE/,H19-C_20260930T212401Z_c11e495e,0.0297,owner_reported_not_receipt_verified
19GEMSDOE,https://buffedlizard55-lab.github.io/19GEMSDOE/docs/index.html,h19-4-multiline-corroborated-openness-thermal-pop-20260930-691e4dfa-nan,0.1894,owner_reported_not_receipt_verified
19GEMSDOE,https://buffedlizard55-lab.github.io/19GEMSDOE/docs/index.html,h19-5-powerlaw-budget-multiline-corroborated-20260930-e27054cf-nan,0.1922,owner_reported_not_receipt_verified
GEMSDOE10,https://buffedlizard55-lab.github.io/GEMSDOE10/,h16-continuation-20260927T065521077735Z-3431b83c7c,0.0461,owner_reported_not_receipt_verified
GEMSDOE10,https://buffedlizard55-lab.github.io/GEMSDOE10/,h20-dem10-scarp-thin-20260927T155223039488Z-ffc91a1686,0.0921,owner_reported_not_receipt_verified
GEMSDOE10,https://buffedlizard55-lab.github.io/GEMSDOE10/,H25-ctx-ridge-20260927T232947704150Z-6452ae1d00,0.128,owner_reported_not_receipt_verified
GEMSDOE10,https://buffedlizard55-lab.github.io/GEMSDOE10/,h28-dotted-ridge-20260928T020256236880Z-6452ae1d00,0.1839,owner_reported_not_receipt_verified
13GEMSDOE,https://buffedlizard55-lab.github.io/13GEMSDOE/,20261001_r13-lattice-s5_v2_nan-outside,0.0904,owner_reported_not_receipt_verified
16GEMSDOE,https://buffedlizard55-lab.github.io/16GEMSDOE/docs/index.html,h16-1-topo-geophys-baseline-ridges-20260930-df20f65e-nan,0.1855,owner_reported_not_receipt_verified
16GEMSDOE,https://buffedlizard55-lab.github.io/16GEMSDOE/docs/index.html,h18-3a-topo-geophys-x-complexity-prior-20260930-c502dfab-nan,0.0976,owner_reported_not_receipt_verified
16GEMSDOE,https://buffedlizard55-lab.github.io/16GEMSDOE/docs/index.html,h18-4-usgs-geologic-map-faults-gap-20260930-aef8f42c-nan,0.036,owner_reported_not_receipt_verified
GEMSDOE21,https://buffedlizard55-lab.github.io/GEMSDOE21/,h19-4-reference-20260930-691e4dfa,0.1894,owner_reported_not_receipt_verified
20GEMSDOE,https://buffedlizard55-lab.github.io/20GEMSDOE/docs/index.html,h20-1-sarnnpu-powerlaw-pi0363-tilt-wingcrack-20260930-be0e8f6b-nan,0.189,owner_reported_not_receipt_verified
20GEMSDOE,https://buffedlizard55-lab.github.io/20GEMSDOE/docs/index.html,h20-5-continuous-pu-proxy-unverified-20260930-824ce73a-nan,,no_score_provided
GEMSDOE22,https://buffedlizard55-lab.github.io/GEMSDOE22/docs/index.html,h23-a-dti-optimal-emission-6pct-20261002-e2ec4b49-nan,0.1002,owner_reported_not_receipt_verified
GEMSDOE22,https://buffedlizard55-lab.github.io/GEMSDOE22/docs/index.html,h23-b-dti-optimal-emission-10pct-20261002-86176698-nan,,no_score_provided
GEMSDOE23,https://buffedlizard55-lab.github.io/GEMSDOE23/,,,no_file_or_score_provided
GEMSDOE24,https://buffedlizard55-lab.github.io/GEMSDOE24/,h25-1-dotted-h19-5-d1-5-20261002-989f59505db1-nan,0.2477,owner_reported_not_receipt_verified
25GEMSDOE (name in brief),,,,no_url_file_or_score_provided
26GEMSDOE (name in brief),,,,no_url_file_or_score_provided
27GEMSDOE (name in brief),,,,no_url_file_or_score_provided
